Date,AwayTeam,HomeTeam,A_1_recwOBA,A_2_recwOBA,A_3_recwOBA,A_4_recwOBA,A_5_recwOBA,A_6_recwOBA,A_7_recwOBA,A_8_recwOBA,A_9_recwOBA,H_1_recwOBA,H_2_recwOBA,H_3_recwOBA,H_4_recwOBA,H_5_recwOBA,H_6_recwOBA,H_7_recwOBA,H_8_recwOBA,H_9_recwOBA
04-04-2019,Texas Rangers,Los Angeles Angels,0.264,0.224,0.269,0.393,0.176,0.316,nan,nan,0.197,0.263,0.398,0.159,0.072,0.232,0.218,0.391,0.145,0.0
05-04-2019,Texas Rangers,Los Angeles Angels,0.495,0.122,0.428,0.335,0.535,0.336,0.422,0.318,0.33,0.202,0.588,0.214,0.334,0.319,0.202,0.0,0.278,0.237
06-04-2019,Texas Rangers,Los Angeles Angels,0.394,0.389,0.402,0.412,0.307,0.094,nan,0.422,nan,0.261,0.745,0.097,0.26,0.19,0.292,nan,0.0,0.202
07-04-2019,Texas Rangers,Los Angeles Angels,0.549,0.094,0.335,0.234,0.564,0.284,nan,0.296,0.262,0.188,0.952,0.173,0.174,0.442,0.543,0.0,0.0,0.464
08-04-2019,Milwaukee Brewers,Los Angeles Angels,0.512,0.448,0.339,0.067,0.251,0.069,0.538,0.647,0.639,0.292,0.994,0.274,0.158,0.422,0.742,0.158,0.188,0.391
09-04-2019,Milwaukee Brewers,Los Angeles Angels,0.35,0.456,0.339,0.067,0.125,0.389,0.596,0.218,0.437,0.079,0.786,0.378,0.263,0.375,0.698,0.237,0.407,0.18
10-04-2019,Milwaukee Brewers,Los Angeles Angels,0.325,0.47,0.149,0.12,0.568,0.757,0.09,0.464,0.347,0.115,0.437,0.462,0.24,0.539,nan,0.6,nan,0.124
18-04-2019,Seattle Mariners,Los Angeles Angels,0.248,0.336,0.376,0.393,0.063,0.173,0.35,0.063,0.153,0.336,0.373,0.336,0.23,0.397,0.409,0.292,0.0,0.26
19-04-2019,Seattle Mariners,Los Angeles Angels,0.197,0.185,0.274,0.375,0.312,0.32,0.658,0.438,0.225,0.296,0.287,0.509,0.32,0.363,0.412,0.402,0.232,0.109
20-04-2019,Seattle Mariners,Los Angeles Angels,0.196,0.136,0.256,0.602,0.447,0.322,0.645,0.438,0.243,0.497,0.364,0.472,0.349,0.463,0.385,0.312,0.19,0.097
21-04-2019,Seattle Mariners,Los Angeles Angels,0.305,0.21,0.264,0.697,0.511,0.477,0.254,0.0,0.079,0.423,0.25,0.29,0.534,0.517,0.347,0.522,0.097,0.47
22-04-2019,New York Yankees,Los Angeles Angels,0.458,0.285,0.174,0.476,0.565,nan,0.365,nan,0.347,0.42,0.496,0.415,0.475,0.621,0.383,0.46,0.072,0.801
23-04-2019,New York Yankees,Los Angeles Angels,0.351,0.273,0.489,0.072,0.306,0.36,0.391,nan,0.115,0.235,0.482,0.124,0.324,0.304,0.627,0.497,0.657,0.158
24-04-2019,New York Yankees,Los Angeles Angels,0.138,0.504,0.53,0.329,0.145,0.492,0.187,0.314,0.225,0.237,0.573,0.223,0.302,0.576,0.336,0.248,0.35,0.608
25-04-2019,New York Yankees,Los Angeles Angels,0.149,0.548,0.391,0.232,0.196,0.174,0.444,0.218,0.363,0.322,0.332,0.281,0.413,0.348,0.176,0.097,0.218,nan
30-04-2019,Toronto Blue Jays,Los Angeles Angels,0.723,0.326,0.336,0.22,nan,0.161,0.646,0.087,0.077,0.43,0.323,0.332,0.347,0.336,0.525,0.305,0.139,0.289
01-05-2019,Toronto Blue Jays,Los Angeles Angels,0.249,0.398,0.208,0.161,0.293,0.646,0.087,0.135,0.309,0.447,0.361,0.437,0.42,0.174,0.161,0.367,0.219,0.405
02-05-2019,Toronto Blue Jays,Los Angeles Angels,0.552,0.158,0.35,0.198,0.365,0.363,0.152,0.365,0.312,0.402,0.434,0.336,0.335,0.161,0.173,0.456,0.444,0.174
04-05-2019,Houston Astros,Los Angeles Angels,0.448,0.275,0.326,0.447,0.441,0.348,0.13,0.193,0.087,0.172,0.523,0.335,0.187,0.47,0.318,0.195,0.454,0.392
05-05-2019,Houston Astros,Los Angeles Angels,0.389,0.36,0.515,0.548,0.347,0.097,0.419,0.19,0.329,0.23,0.43,0.254,0.347,0.403,0.628,0.335,0.267,0.191
17-05-2019,Kansas City Royals,Los Angeles Angels,0.35,nan,0.388,0.289,0.227,0.376,0.174,0.349,0.144,0.666,0.326,0.511,0.236,0.268,0.294,0.469,0.388,0.319
18-05-2019,Kansas City Royals,Los Angeles Angels,0.186,0.484,0.405,0.299,0.13,0.205,0.334,0.377,0.367,0.523,0.361,0.311,0.201,0.254,0.469,0.494,nan,0.464
19-05-2019,Kansas City Royals,Los Angeles Angels,0.388,0.36,0.202,0.315,0.26,0.277,0.079,0.077,0.243,0.362,0.598,0.263,0.283,0.455,0.348,0.405,0.436,nan
20-05-2019,Minnesota Twins,Los Angeles Angels,0.42,0.422,0.145,0.348,0.188,nan,0.478,0.486,0.322,0.218,0.685,0.292,0.234,0.263,0.51,0.153,nan,0.218
21-05-2019,Minnesota Twins,Los Angeles Angels,0.405,0.36,0.391,0.249,0.476,nan,0.446,0.36,0.322,0.362,0.471,0.277,0.443,0.161,0.433,0.193,0.115,0.13
23-05-2019,Minnesota Twins,Los Angeles Angels,0.445,0.463,0.491,0.201,0.386,0.639,0.326,0.391,0.218,0.307,0.418,0.173,0.296,0.335,0.173,0.06,0.0,0.27
24-05-2019,Texas Rangers,Los Angeles Angels,0.579,0.24,0.551,0.541,0.742,0.432,0.239,0.284,0.417,0.456,0.402,0.188,0.289,0.284,0.387,0.236,0.0,0.364
25-05-2019,Texas Rangers,Los Angeles Angels,0.463,0.35,0.444,0.377,0.612,0.228,0.252,0.236,0.365,0.486,0.51,0.188,0.216,0.263,0.254,0.087,0.077,nan
26-05-2019,Texas Rangers,Los Angeles Angels,0.314,0.47,0.377,0.438,0.305,0.195,0.332,0.174,0.422,0.307,0.322,0.202,0.559,0.539,0.528,0.386,0.26,0.321
04-06-2019,Oakland Athletics,Los Angeles Angels,0.053,0.587,0.053,0.156,0.216,0.35,0.377,0.349,0.124,0.323,0.59,0.233,0.0,0.438,0.509,0.359,0.243,0.422
05-06-2019,Oakland Athletics,Los Angeles Angels,0.111,0.372,0.053,0.214,0.216,0.417,0.567,0.364,0.0,0.347,0.465,0.279,0.445,0.086,0.347,0.321,0.0,0.424
06-06-2019,Oakland Athletics,Los Angeles Angels,0.304,0.608,0.415,0.31,0.049,0.145,0.514,0.499,0.0,0.523,0.409,0.467,0.057,0.134,0.236,0.476,0.0,0.497
07-06-2019,Seattle Mariners,Los Angeles Angels,0.359,0.425,0.424,0.44,0.0,0.305,0.292,0.597,0.285,0.134,0.513,0.605,0.424,0.413,0.134,0.072,nan,0.334
08-06-2019,Seattle Mariners,Los Angeles Angels,0.317,0.536,0.433,0.399,0.395,0.348,0.389,0.109,0.334,0.582,0.551,0.336,0.281,0.433,0.336,0.273,nan,0.246
09-06-2019,Seattle Mariners,Los Angeles Angels,0.228,0.47,0.424,0.347,0.227,0.221,0.432,0.13,0.389,0.444,0.672,0.377,0.508,0.531,0.173,0.109,nan,0.161
10-06-2019,Los Angeles Dodgers,Los Angeles Angels,0.065,0.522,0.494,0.276,0.565,0.049,0.383,0.216,0.067,0.497,0.628,0.334,0.298,0.456,0.59,0.086,nan,0.134
11-06-2019,Los Angeles Dodgers,Los Angeles Angels,0.065,0.398,0.561,0.294,0.522,0.108,0.232,0.161,0.297,0.34,0.631,0.472,0.538,0.281,0.607,0.077,0.214,0.201
25-06-2019,Cincinnati Reds,Los Angeles Angels,0.46,0.448,0.271,0.565,0.316,0.0,0.327,0.188,0.174,0.201,0.409,0.29,0.483,0.134,0.437,0.187,0.226,0.373
26-06-2019,Cincinnati Reds,Los Angeles Angels,0.27,0.685,0.451,0.281,0.232,0.429,0.174,0.245,0.237,0.417,0.298,0.29,0.389,0.0,0.36,0.298,0.362,0.383
27-06-2019,Oakland Athletics,Los Angeles Angels,0.226,0.397,0.307,0.329,0.0,0.309,0.124,0.194,0.501,0.35,0.236,0.599,0.36,0.193,0.35,0.234,0.308,0.218
28-06-2019,Oakland Athletics,Los Angeles Angels,0.263,0.252,0.364,0.468,0.216,0.202,0.232,0.215,0.261,0.336,0.202,0.538,0.376,0.268,0.0,0.427,0.437,0.199
29-06-2019,Oakland Athletics,Los Angeles Angels,0.236,0.349,0.688,0.466,0.612,0.292,0.202,0.065,0.19,0.447,0.13,0.712,0.348,0.145,0.218,0.376,0.29,0.27
30-06-2019,Oakland Athletics,Los Angeles Angels,0.323,0.334,0.615,0.364,0.242,0.277,nan,0.347,0.246,0.236,0.202,0.408,0.275,0.263,0.237,0.849,0.317,0.243
12-07-2019,Seattle Mariners,Los Angeles Angels,0.268,0.161,0.391,0.219,0.598,0.287,0.281,0.086,0.24,0.508,0.576,0.364,0.254,0.399,0.325,0.0,0.347,nan
13-07-2019,Seattle Mariners,Los Angeles Angels,0.201,0.176,0.348,0.239,0.715,0.287,0.318,0.173,0.24,0.608,0.701,0.314,0.374,0.371,0.243,0.162,0.393,0.39
14-07-2019,Seattle Mariners,Los Angeles Angels,0.358,0.284,0.111,0.158,0.281,0.111,0.0,0.0,0.0,0.611,0.725,0.279,0.364,0.377,0.303,0.675,0.321,0.057
15-07-2019,Houston Astros,Los Angeles Angels,0.335,0.612,0.495,0.558,0.575,0.261,0.215,0.67,0.294,0.443,0.434,0.293,0.322,0.31,0.418,0.218,0.478,nan
16-07-2019,Houston Astros,Los Angeles Angels,0.481,0.534,0.402,0.376,0.297,0.511,0.097,0.347,0.264,0.368,0.349,0.226,0.289,0.583,0.481,0.235,0.347,0.319
17-07-2019,Houston Astros,Los Angeles Angels,0.481,0.407,0.324,0.376,0.604,0.284,0.334,0.261,0.334,0.335,0.292,0.307,0.289,0.524,0.388,0.301,0.349,0.321
18-07-2019,Houston Astros,Los Angeles Angels,0.642,0.323,0.335,0.44,0.24,0.472,0.266,0.387,0.173,0.289,0.702,0.376,0.35,0.348,0.377,0.286,0.291,0.492
25-07-2019,Baltimore Orioles,Los Angeles Angels,0.582,0.269,0.583,0.526,0.191,0.0,0.602,0.145,0.29,0.298,0.376,0.521,0.254,0.726,0.216,0.205,0.0,0.344
26-07-2019,Baltimore Orioles,Los Angeles Angels,0.156,0.32,0.402,0.457,0.243,0.425,nan,0.0,0.232,0.337,0.39,0.366,0.267,0.7,0.24,0.277,0.099,0.441
27-07-2019,Baltimore Orioles,Los Angeles Angels,0.388,0.372,0.43,0.388,0.37,nan,0.331,0.249,0.145,0.304,0.369,0.332,0.277,0.586,0.102,0.162,0.292,0.196
28-07-2019,Baltimore Orioles,Los Angeles Angels,0.608,0.264,0.329,0.454,0.156,nan,0.576,0.243,0.422,0.429,0.421,0.391,0.349,0.23,0.427,0.188,0.419,0.321
29-07-2019,Detroit Tigers,Los Angeles Angels,0.094,0.536,0.174,0.072,0.304,0.145,0.145,0.495,0.261,0.441,0.363,0.347,0.255,0.13,0.351,0.245,0.671,0.072
30-07-2019,Detroit Tigers,Los Angeles Angels,0.285,0.322,0.408,0.0,0.174,0.29,0.13,nan,0.493,0.367,0.391,0.277,0.234,0.482,0.188,0.653,0.153,0.077
31-07-2019,Detroit Tigers,Los Angeles Angels,0.231,0.307,0.188,0.0,0.072,0.255,0.246,nan,0.218,0.231,0.295,0.149,0.234,0.323,0.39,0.417,0.403,0.27
12-08-2019,Pittsburgh Pirates,Los Angeles Angels,0.134,0.429,0.122,0.714,0.193,0.0,0.401,0.429,0.218,0.513,0.457,0.336,0.454,0.279,0.267,0.281,0.099,0.145
13-08-2019,Pittsburgh Pirates,Los Angeles Angels,0.336,0.486,0.263,0.635,0.552,0.209,0.35,0.542,0.351,0.149,0.387,0.371,0.35,0.547,0.258,0.272,0.387,0.173
14-08-2019,Pittsburgh Pirates,Los Angeles Angels,0.325,0.687,0.393,0.79,0.097,0.508,0.0,0.534,0.097,0.272,0.322,0.415,0.558,0.173,0.44,0.417,0.739,0.218
15-08-2019,Chicago White Sox,Los Angeles Angels,0.211,0.321,0.441,0.35,0.403,0.411,0.284,0.224,0.406,0.209,0.296,0.432,0.243,0.441,0.12,0.451,0.249,0.142
16-08-2019,Chicago White Sox,Los Angeles Angels,0.174,0.455,0.579,0.468,0.377,0.567,0.221,0.363,0.174,0.652,0.571,0.519,0.336,0.372,0.275,0.145,0.319,0.422
17-08-2019,Chicago White Sox,Los Angeles Angels,0.254,0.547,0.476,0.644,0.31,0.596,0.0,0.442,0.145,0.475,0.613,0.375,0.267,0.42,0.156,0.246,0.158,0.0
18-08-2019,Chicago White Sox,Los Angeles Angels,0.258,0.115,0.365,0.564,0.307,0.33,0.422,0.156,0.348,0.332,0.494,0.383,0.655,0.142,0.13,0.156,0.097,0.0
27-08-2019,Texas Rangers,Los Angeles Angels,0.346,0.149,0.145,0.396,0.414,0.318,0.0,0.156,0.278,0.434,0.242,0.12,0.145,0.26,0.239,0.497,0.407,0.39
28-08-2019,Texas Rangers,Los Angeles Angels,0.427,0.298,0.072,0.307,0.491,0.0,0.158,0.174,0.0,0.703,0.334,0.187,0.13,0.556,0.188,0.381,0.232,0.0
30-08-2019,Boston Red Sox,Los Angeles Angels,0.161,0.408,0.737,0.464,0.145,0.304,0.283,0.411,0.099,0.392,0.391,0.231,0.138,0.33,0.188,0.419,0.401,0.304
31-08-2019,Boston Red Sox,Los Angeles Angels,0.371,0.379,0.657,0.525,0.223,0.287,0.245,0.325,0.0,0.104,0.447,0.472,0.347,0.25,0.39,0.317,0.173,0.0
01-09-2019,Boston Red Sox,Los Angeles Angels,0.547,0.298,0.492,0.629,0.115,0.335,0.134,0.243,nan,0.228,0.446,0.432,0.501,0.243,0.427,0.307,0.232,0.172
09-09-2019,Cleveland Indians,Los Angeles Angels,0.456,0.391,0.46,0.324,0.435,0.201,0.361,0.201,0.25,0.292,0.309,0.588,0.43,0.187,0.053,0.134,0.349,0.0
10-09-2019,Cleveland Indians,Los Angeles Angels,0.337,0.198,0.308,0.427,0.0,0.275,0.626,0.321,0.369,0.111,0.433,0.377,0.269,0.106,0.134,0.526,0.24,0.218
11-09-2019,Cleveland Indians,Los Angeles Angels,0.467,0.255,0.431,0.404,0.505,0.361,0.481,0.152,0.349,0.0,0.405,0.142,0.336,0.236,0.954,0.145,0.325,0.633
13-09-2019,Tampa Bay Rays,Los Angeles Angels,0.51,0.26,0.36,0.332,0.281,0.54,0.444,0.39,0.261,0.0,0.455,0.412,0.308,0.079,0.388,0.124,0.304,0.37
14-09-2019,Tampa Bay Rays,Los Angeles Angels,0.445,0.35,0.31,0.697,0.361,0.193,0.0,0.272,0.674,0.053,0.388,0.702,0.349,0.242,0.079,0.365,0.58,0.174
15-09-2019,Tampa Bay Rays,Los Angeles Angels,0.187,0.43,0.31,0.335,0.361,0.401,0.697,0.0,0.145,0.254,0.218,0.267,0.6,0.298,0.238,0.53,0.215,0.348
24-09-2019,Oakland Athletics,Los Angeles Angels,0.588,0.421,0.249,0.674,0.411,0.253,0.389,0.175,0.269,0.325,0.312,0.31,0.35,0.307,0.423,0.173,0.158,nan
25-09-2019,Oakland Athletics,Los Angeles Angels,0.65,0.411,0.281,0.116,0.497,0.389,0.591,0.348,0.397,0.511,0.503,0.31,0.283,0.441,0.315,0.193,0.413,0.156
26-09-2019,Houston Astros,Los Angeles Angels,0.51,0.12,0.675,0.431,0.763,0.077,0.099,0.207,0.0,0.478,0.347,0.187,0.19,0.111,0.46,0.32,0.456,0.444
27-09-2019,Houston Astros,Los Angeles Angels,0.267,0.187,0.174,0.535,0.676,0.079,0.309,0.415,0.388,0.494,0.388,0.187,0.108,0.26,0.362,0.109,0.0,0.156
28-09-2019,Houston Astros,Los Angeles Angels,0.267,0.072,0.522,0.289,0.057,0.604,0.385,0.161,0.145,0.36,0.347,0.13,0.175,0.187,0.3,0.312,0.481,0.159
29-09-2019,Houston Astros,Los Angeles Angels,0.276,0.31,0.216,0.359,0.153,0.13,0.387,0.153,0.367,0.275,0.174,0.351,0.057,0.13,0.403,0.508,0.249,0.173
05-04-2019,Boston Red Sox,Arizona Diamondbacks,0.318,0.413,0.309,0.403,0.505,0.087,0.873,0.19,nan,0.7,0.062,0.646,0.437,0.363,0.474,0.211,0.542,nan
06-04-2019,Boston Red Sox,Arizona Diamondbacks,0.383,0.634,nan,0.387,0.087,0.218,0.193,0.135,nan,0.55,0.565,0.301,0.534,0.219,0.111,0.388,0.195,nan
07-04-2019,Boston Red Sox,Arizona Diamondbacks,0.508,0.346,0.376,0.437,0.27,0.737,0.249,0.173,nan,0.471,0.347,0.388,0.567,0.063,0.459,0.493,nan,nan
09-04-2019,Texas Rangers,Arizona Diamondbacks,0.419,0.159,0.218,0.205,0.607,0.376,nan,0.087,nan,0.466,0.396,0.312,0.294,0.191,0.401,0.459,0.466,nan
10-04-2019,Texas Rangers,Arizona Diamondbacks,0.086,0.263,0.246,0.29,0.438,0.069,0.413,nan,nan,0.323,0.507,0.174,0.209,0.079,0.414,0.347,nan,nan
11-04-2019,San Diego Padres,Arizona Diamondbacks,0.481,0.13,0.277,0.362,0.468,0.282,0.162,nan,nan,0.263,0.124,0.187,0.228,0.413,0.079,0.368,nan,nan
12-04-2019,San Diego Padres,Arizona Diamondbacks,0.569,0.13,0.349,0.438,0.281,0.427,0.242,0.328,nan,0.318,0.142,0.211,0.414,0.572,0.173,0.379,0.312,nan
13-04-2019,San Diego Padres,Arizona Diamondbacks,0.312,0.481,0.396,0.17,0.072,0.304,0.225,0.242,nan,0.273,0.079,0.173,0.273,0.172,0.428,0.158,0.09,nan
14-04-2019,San Diego Padres,Arizona Diamondbacks,0.447,0.526,0.246,0.077,0.466,0.135,0.347,0.419,nan,0.57,0.174,0.174,0.312,0.409,0.23,0.246,0.557,nan
26-04-2019,Chicago Cubs,Arizona Diamondbacks,0.443,0.406,0.393,0.598,0.315,0.456,0.174,0.0,0.124,0.472,0.29,0.345,0.367,0.348,0.124,0.336,0.0,0.0
27-04-2019,Chicago Cubs,Arizona Diamondbacks,0.173,0.568,0.231,0.541,0.325,0.389,nan,0.348,0.0,0.633,0.614,0.298,0.464,0.372,0.549,0.521,0.55,0.145
28-04-2019,Chicago Cubs,Arizona Diamondbacks,0.156,0.402,0.403,0.611,0.544,0.381,0.142,0.565,0.0,0.546,0.317,0.48,0.486,0.24,0.405,0.286,0.122,0.0
01-05-2019,New York Yankees,Arizona Diamondbacks,0.173,0.336,0.445,0.523,0.097,0.72,0.173,0.443,nan,0.195,0.606,0.279,0.15,0.277,0.308,0.223,0.591,0.0
09-05-2019,Atlanta Braves,Arizona Diamondbacks,0.268,0.254,0.408,0.176,0.176,0.261,0.393,0.209,0.109,0.3,0.173,0.359,0.111,0.214,0.325,0.254,1.091,0.0
10-05-2019,Atlanta Braves,Arizona Diamondbacks,0.287,0.221,0.319,0.456,0.0,0.273,0.109,0.144,0.0,0.336,0.377,0.407,0.162,0.224,0.218,0.36,0.0,0.17
11-05-2019,Atlanta Braves,Arizona Diamondbacks,0.425,0.402,0.493,0.43,0.0,0.26,0.304,0.144,0.0,0.457,0.361,0.567,0.224,0.379,0.0,0.36,0.55,0.0
12-05-2019,Atlanta Braves,Arizona Diamondbacks,0.377,0.398,0.145,0.214,0.583,0.435,0.0,0.21,0.0,0.35,0.209,0.315,0.521,0.346,0.542,0.255,0.541,0.138
13-05-2019,Pittsburgh Pirates,Arizona Diamondbacks,0.316,0.249,0.077,0.683,0.12,0.35,0.193,0.173,0.0,0.0,0.142,0.432,0.666,0.273,0.242,0.275,0.454,0.0
14-05-2019,Pittsburgh Pirates,Arizona Diamondbacks,0.269,0.392,0.647,0.684,0.278,0.289,0.109,0.156,0.29,0.255,0.393,0.428,0.684,0.29,0.432,0.231,0.33,0.0
15-05-2019,Pittsburgh Pirates,Arizona Diamondbacks,0.304,0.52,0.347,0.968,0.539,0.278,0.263,0.263,0.174,0.249,0.434,0.372,0.444,0.323,0.336,0.315,0.0,0.145
17-05-2019,San Francisco Giants,Arizona Diamondbacks,0.403,0.147,0.385,0.438,0.659,0.219,0.434,0.289,0.29,0.379,0.647,0.304,0.403,0.281,0.287,0.236,0.462,0.0
18-05-2019,San Francisco Giants,Arizona Diamondbacks,0.456,0.12,0.278,0.524,0.232,0.162,0.333,0.315,0.124,0.564,0.376,0.446,0.0,0.298,0.252,0.485,0.46,nan
19-05-2019,San Francisco Giants,Arizona Diamondbacks,0.509,0.23,0.0,0.347,0.174,0.0,0.142,0.305,0.0,0.523,0.35,0.523,0.35,0.079,0.33,0.231,0.406,0.0
31-05-2019,New York Mets,Arizona Diamondbacks,0.44,0.526,0.659,0.324,0.205,0.473,0.252,0.0,0.373,0.145,0.313,0.375,0.377,0.368,0.359,0.414,0.281,0.0
01-06-2019,New York Mets,Arizona Diamondbacks,0.188,0.539,0.581,0.272,0.347,0.261,0.379,0.409,0.29,0.0,0.412,0.372,0.444,0.894,0.381,0.281,0.259,0.26
02-06-2019,New York Mets,Arizona Diamondbacks,0.0,0.174,0.376,0.198,0.373,0.296,0.269,0.345,0.218,0.325,0.447,0.372,0.499,0.552,0.193,0.307,0.629,0.0
03-06-2019,Los Angeles Dodgers,Arizona Diamondbacks,0.238,0.409,0.332,0.803,0.378,0.35,0.145,0.544,0.197,0.221,0.401,0.207,0.377,0.401,0.538,0.565,0.367,0.145
04-06-2019,Los Angeles Dodgers,Arizona Diamondbacks,0.292,0.497,0.378,0.348,0.666,0.29,0.097,0.33,0.238,0.283,0.31,0.336,0.072,0.336,0.49,0.101,0.099,nan
05-06-2019,Los Angeles Dodgers,Arizona Diamondbacks,0.318,0.26,0.405,0.387,0.483,0.477,0.201,0.397,0.0,0.243,0.336,0.336,0.069,0.445,0.25,0.111,0.195,0.0
18-06-2019,Colorado Rockies,Arizona Diamondbacks,0.653,0.615,0.576,0.187,0.211,0.637,0.5,0.484,0.115,0.225,0.665,0.202,0.403,0.281,0.437,0.494,0.621,0.0
19-06-2019,Colorado Rockies,Arizona Diamondbacks,0.616,0.564,0.442,0.476,0.221,0.534,0.329,0.314,0.0,0.221,0.85,0.322,0.336,0.187,0.408,0.412,0.347,0.145
20-06-2019,Colorado Rockies,Arizona Diamondbacks,0.469,0.417,0.511,0.296,0.347,0.549,0.0,0.0,0.0,0.71,0.427,0.372,0.202,0.13,0.388,0.072,0.199,0.0
21-06-2019,San Francisco Giants,Arizona Diamondbacks,0.122,0.594,0.218,0.115,0.23,0.459,0.124,0.332,0.174,0.221,0.626,0.37,0.267,0.115,0.559,0.159,0.077,0.174
22-06-2019,San Francisco Giants,Arizona Diamondbacks,0.225,0.468,0.101,0.484,0.172,0.538,0.579,0.332,0.0,0.284,0.381,0.304,0.312,0.115,0.476,0.266,0.27,0.172
23-06-2019,San Francisco Giants,Arizona Diamondbacks,0.162,0.401,0.138,0.226,0.545,0.537,0.637,0.449,0.12,0.456,0.272,0.412,0.436,0.188,0.397,0.266,0.072,0.0
24-06-2019,Los Angeles Dodgers,Arizona Diamondbacks,0.187,0.575,0.079,0.296,0.32,0.368,0.348,0.0,0.0,0.256,0.706,0.275,0.359,0.391,0.162,0.597,0.367,0.29
25-06-2019,Los Angeles Dodgers,Arizona Diamondbacks,0.447,0.176,0.572,0.445,0.762,0.218,0.383,0.0,nan,0.201,0.693,0.405,0.334,0.611,0.197,0.072,0.423,0.0
26-06-2019,Los Angeles Dodgers,Arizona Diamondbacks,0.236,0.294,0.097,0.448,0.267,0.593,0.497,0.23,nan,0.276,0.261,0.246,0.332,0.456,0.13,0.145,0.157,0.0
05-07-2019,Colorado Rockies,Arizona Diamondbacks,0.535,0.202,0.35,0.374,0.32,0.414,0.0,0.218,0.0,0.359,0.249,0.401,0.269,0.193,0.292,0.362,0.472,0.388
06-07-2019,Colorado Rockies,Arizona Diamondbacks,0.332,0.187,0.304,0.294,0.319,0.2,0.0,0.087,0.0,0.124,0.36,0.281,0.63,0.109,0.247,0.292,0.408,0.0
07-07-2019,Colorado Rockies,Arizona Diamondbacks,0.332,0.349,0.156,0.072,0.294,0.451,0.27,0.27,0.0,0.383,0.36,0.201,0.716,0.37,0.422,0.275,0.505,nan
18-07-2019,Milwaukee Brewers,Arizona Diamondbacks,0.373,0.538,0.247,0.347,0.347,0.0,0.926,0.281,0.406,0.417,0.493,0.279,0.302,0.465,0.419,0.36,0.375,0.0
19-07-2019,Milwaukee Brewers,Arizona Diamondbacks,0.386,0.472,0.346,0.345,0.508,0.174,0.697,0.347,0.0,0.372,0.506,0.351,0.394,0.475,0.393,0.24,0.0,0.348
20-07-2019,Milwaukee Brewers,Arizona Diamondbacks,0.401,0.538,0.492,0.425,0.449,0.27,0.174,0.138,0.405,0.261,0.509,0.514,0.577,0.51,0.438,0.187,0.428,0.0
21-07-2019,Milwaukee Brewers,Arizona Diamondbacks,0.281,0.388,0.505,0.0,0.575,0.195,0.138,0.097,0.0,0.488,0.506,0.334,0.482,0.327,0.231,0.173,0.124,nan
22-07-2019,Baltimore Orioles,Arizona Diamondbacks,0.424,0.109,0.606,0.388,0.622,0.087,0.405,0.561,nan,0.417,0.593,0.372,0.349,0.347,0.307,0.361,0.238,0.174
23-07-2019,Baltimore Orioles,Arizona Diamondbacks,0.299,0.526,0.3,0.474,0.434,0.468,0.329,0.526,nan,0.134,0.593,0.392,0.223,0.405,0.212,0.434,0.35,0.0
24-07-2019,Baltimore Orioles,Arizona Diamondbacks,0.25,0.453,0.307,0.643,0.582,0.069,0.152,0.58,nan,0.298,0.421,0.454,0.111,0.405,0.115,0.363,0.212,0.29
02-08-2019,Washington Nationals,Arizona Diamondbacks,0.362,0.256,0.403,0.599,0.293,0.665,0.511,0.173,0.58,0.304,0.292,0.111,0.476,0.388,0.174,0.072,0.789,0.0
03-08-2019,Washington Nationals,Arizona Diamondbacks,0.363,0.26,0.202,0.621,0.225,0.317,0.0,0.175,0.678,0.195,0.125,0.067,0.323,0.495,0.223,0.142,0.312,0.124
04-08-2019,Washington Nationals,Arizona Diamondbacks,0.372,0.258,0.361,0.512,0.526,0.26,0.153,0.415,0.0,0.563,0.43,0.363,0.567,0.115,0.261,0.381,0.351,0.373
05-08-2019,Philadelphia Phillies,Arizona Diamondbacks,0.218,0.373,0.336,0.333,0.24,0.361,0.223,0.218,0.605,0.631,0.231,0.389,0.496,0.369,0.367,0.554,0.0,0.174
06-08-2019,Philadelphia Phillies,Arizona Diamondbacks,0.401,0.365,0.442,0.468,0.225,0.201,0.373,0.228,0.0,0.26,0.642,0.451,0.405,0.446,0.292,0.653,0.539,nan
07-08-2019,Philadelphia Phillies,Arizona Diamondbacks,0.511,0.216,0.285,0.397,0.336,0.201,0.573,0.441,0.145,0.468,0.472,0.364,0.449,0.413,0.381,0.419,0.079,0.0
15-08-2019,San Francisco Giants,Arizona Diamondbacks,0.261,0.278,0.2,0.391,0.519,0.395,0.298,0.207,0.29,0.403,nan,0.389,0.401,0.312,0.488,0.625,0.506,0.145
16-08-2019,San Francisco Giants,Arizona Diamondbacks,0.579,0.307,0.0,0.444,0.173,0.436,0.191,0.225,0.203,0.428,0.281,0.25,0.234,0.281,0.278,0.474,0.401,nan
17-08-2019,San Francisco Giants,Arizona Diamondbacks,0.768,0.232,0.361,0.124,0.236,0.594,0.36,0.228,nan,0.0,0.917,0.398,0.158,0.736,0.138,0.466,0.172,0.124
18-08-2019,San Francisco Giants,Arizona Diamondbacks,0.648,0.315,0.428,0.502,0.763,0.675,0.205,0.544,0.49,0.84,0.111,0.35,0.318,0.728,0.087,0.627,0.077,0.115
19-08-2019,Colorado Rockies,Arizona Diamondbacks,0.685,0.535,0.501,0.281,0.24,0.615,0.135,0.218,0.0,0.373,0.523,0.373,0.25,0.381,0.223,0.632,0.069,0.218
20-08-2019,Colorado Rockies,Arizona Diamondbacks,0.307,0.441,0.401,0.389,0.419,0.592,0.174,0.365,0.0,0.641,0.448,0.24,0.292,0.809,0.343,0.318,0.351,0.218
21-08-2019,Colorado Rockies,Arizona Diamondbacks,0.298,0.359,0.684,0.36,0.0,0.29,0.174,nan,nan,0.348,0.421,0.286,0.588,0.223,0.375,0.381,0.195,0.174
29-08-2019,Los Angeles Dodgers,Arizona Diamondbacks,0.575,0.29,0.412,0.333,0.284,0.298,0.29,0.638,0.348,0.564,0.523,0.291,0.523,0.47,0.562,0.0,0.321,0.0
30-08-2019,Los Angeles Dodgers,Arizona Diamondbacks,0.619,0.363,0.537,0.506,0.149,0.405,0.401,0.23,0.145,0.079,0.156,0.349,0.347,0.173,0.559,0.161,0.239,0.218
31-08-2019,Los Angeles Dodgers,Arizona Diamondbacks,0.221,0.314,0.427,0.145,0.254,0.27,0.172,0.172,0.272,0.418,0.254,0.538,0.307,0.66,0.347,0.381,0.694,0.0
01-09-2019,Los Angeles Dodgers,Arizona Diamondbacks,0.309,0.0,0.538,0.668,0.275,0.309,0.519,0.315,0.0,0.405,0.281,0.46,0.675,0.306,0.472,0.401,0.057,0.0
02-09-2019,San Diego Padres,Arizona Diamondbacks,0.29,0.329,0.595,0.398,0.478,0.497,0.099,0.437,0.348,0.156,0.429,0.174,0.593,0.292,nan,0.492,0.0,0.0
03-09-2019,San Diego Padres,Arizona Diamondbacks,0.219,0.361,0.419,0.533,0.174,0.702,0.417,0.284,nan,0.366,0.582,0.464,0.544,0.343,0.234,0.494,0.555,0.0
04-09-2019,San Diego Padres,Arizona Diamondbacks,0.479,0.367,0.214,0.533,0.375,0.582,0.27,0.275,0.218,0.063,0.546,0.374,0.437,0.438,0.577,0.434,0.537,0.0
13-09-2019,Cincinnati Reds,Arizona Diamondbacks,0.138,0.397,0.455,0.24,0.25,0.485,0.087,1.107,0.218,0.426,0.25,0.335,0.142,0.292,0.188,0.243,0.397,0.0
14-09-2019,Cincinnati Reds,Arizona Diamondbacks,0.553,0.548,0.467,0.106,0.25,0.418,0.097,0.304,0.0,0.417,0.347,0.237,0.142,0.156,0.0,0.069,0.262,0.0
15-09-2019,Cincinnati Reds,Arizona Diamondbacks,0.389,0.369,0.48,0.188,0.195,0.0,0.138,0.0,0.39,0.281,0.236,0.158,0.142,0.13,0.202,0.122,0.462,0.0
16-09-2019,Miami Marlins,Arizona Diamondbacks,0.261,0.246,0.237,0.302,0.223,0.0,0.199,0.218,0.304,0.376,0.13,0.304,0.158,0.0,0.142,0.122,0.0,0.435
17-09-2019,Miami Marlins,Arizona Diamondbacks,0.237,0.227,0.218,0.277,0.099,0.0,0.277,0.49,0.318,0.174,0.269,0.318,0.079,0.436,0.087,0.195,0.484,0.0
18-09-2019,Miami Marlins,Arizona Diamondbacks,0.348,0.359,0.553,0.24,0.153,0.174,0.26,0.597,0.0,0.312,0.436,0.43,0.306,0.323,0.0,0.539,0.201,0.0
23-09-2019,St. Louis Cardinals,Arizona Diamondbacks,0.272,0.485,0.297,0.286,0.417,0.511,0.421,0.063,0.472,0.193,0.198,0.26,0.331,0.153,0.325,0.387,0.254,0.0
24-09-2019,St. Louis Cardinals,Arizona Diamondbacks,0.124,0.648,0.448,0.51,0.401,0.364,0.472,0.219,0.174,0.552,0.463,0.273,0.156,0.31,0.252,0.536,0.201,0.0
25-09-2019,St. Louis Cardinals,Arizona Diamondbacks,0.453,0.51,0.29,0.23,0.0,0.87,0.23,0.24,0.0,0.173,0.212,0.221,0.142,0.647,0.328,0.54,0.435,0.0
27-09-2019,San Diego Padres,Arizona Diamondbacks,0.838,0.225,0.173,0.0,0.37,0.118,0.348,0.228,0.0,0.296,0.472,0.286,0.506,0.26,0.296,0.445,0.24,nan
28-09-2019,San Diego Padres,Arizona Diamondbacks,0.067,0.58,0.0,0.437,0.23,0.0,0.263,0.0,nan,0.12,0.195,0.275,0.276,0.216,0.302,0.269,0.086,0.0
29-09-2019,San Diego Padres,Arizona Diamondbacks,0.26,0.441,0.574,0.216,0.406,0.174,0.559,0.0,nan,0.49,0.101,0.238,0.595,0.188,0.376,0.274,0.29,nan
01-04-2019,Chicago Cubs,Atlanta Braves,nan,nan,nan,nan,nan,nan,nan,nan,nan,nan,nan,nan,nan,nan,nan,nan,nan,nan
03-04-2019,Chicago Cubs,Atlanta Braves,nan,0.416,0.312,0.36,0.574,0.52,nan,nan,0.201,0.547,0.254,0.595,0.299,0.187,0.172,nan,0.384,nan
04-04-2019,Chicago Cubs,Atlanta Braves,0.261,0.243,0.424,0.186,0.633,0.304,0.381,nan,nan,0.263,0.396,0.395,0.375,0.307,0.709,nan,0.384,nan
05-04-2019,Miami Marlins,Atlanta Braves,0.299,0.294,0.223,0.619,0.246,0.145,0.417,nan,nan,0.366,0.358,0.369,0.308,0.67,0.674,nan,0.539,nan
06-04-2019,Miami Marlins,Atlanta Braves,0.284,0.347,0.225,0.35,0.08,0.218,0.379,0.13,nan,0.383,0.486,0.321,0.277,0.535,0.272,0.317,0.575,nan
07-04-2019,Miami Marlins,Atlanta Braves,0.218,1.041,0.26,0.145,0.158,0.349,nan,0.487,nan,0.236,0.069,0.507,0.255,0.365,0.468,0.372,nan,nan
11-04-2019,New York Mets,Atlanta Braves,0.554,0.65,0.245,0.712,0.218,0.401,0.401,0.23,nan,0.294,0.384,0.417,0.586,0.573,0.483,0.236,0.512,nan
12-04-2019,New York Mets,Atlanta Braves,0.254,0.55,0.21,0.534,0.312,0.0,0.0,0.438,nan,0.188,0.312,0.273,0.874,0.42,0.387,0.149,0.402,nan
13-04-2019,New York Mets,Atlanta Braves,0.361,0.488,0.346,0.346,nan,0.115,0.322,0.45,nan,0.161,0.323,0.334,0.827,0.237,0.292,0.242,nan,nan
14-04-2019,New York Mets,Atlanta Braves,0.508,0.492,0.186,0.371,0.399,0.336,0.283,0.302,nan,0.223,0.56,0.31,0.681,0.393,0.486,0.0,0.42,nan
16-04-2019,Arizona Diamondbacks,Atlanta Braves,0.281,0.336,0.224,0.578,0.451,0.261,0.19,0.261,nan,0.394,0.772,0.321,0.483,0.482,0.156,0.42,0.097,0.0
17-04-2019,Arizona Diamondbacks,Atlanta Braves,0.381,0.378,0.716,0.372,0.649,0.36,0.304,nan,nan,0.555,0.628,0.289,0.629,0.589,0.416,0.399,0.218,nan
18-04-2019,Arizona Diamondbacks,Atlanta Braves,0.174,0.249,0.575,0.408,0.711,0.448,0.351,0.377,0.0,0.347,0.482,0.231,0.609,0.381,0.365,0.218,0.319,nan
26-04-2019,Colorado Rockies,Atlanta Braves,0.339,0.545,0.47,nan,0.417,0.145,0.321,0.109,nan,0.381,0.236,0.438,0.307,0.293,0.29,0.257,0.405,0.174
27-04-2019,Colorado Rockies,Atlanta Braves,0.314,0.607,0.382,0.35,0.417,0.321,0.506,0.503,0.0,0.523,0.193,0.426,0.24,0.454,0.209,0.361,0.332,nan
28-04-2019,Colorado Rockies,Atlanta Braves,0.316,0.569,0.454,0.575,0.532,0.27,0.174,0.327,nan,0.332,0.35,0.538,0.304,0.441,0.268,0.232,0.726,0.0
29-04-2019,San Diego Padres,Atlanta Braves,0.524,0.124,0.238,0.649,0.684,0.0,0.239,0.087,0.58,0.56,0.541,0.536,0.267,0.468,0.135,0.541,0.389,nan
30-04-2019,San Diego Padres,Atlanta Braves,0.444,0.218,0.225,0.511,0.39,0.063,0.238,0.261,0.0,0.627,0.246,0.525,0.267,0.321,0.33,0.202,0.0,0.0
01-05-2019,San Diego Padres,Atlanta Braves,0.0,0.76,0.187,0.399,0.593,0.115,0.152,0.0,nan,0.582,0.348,0.322,0.281,0.281,0.335,0.608,0.29,0.218
02-05-2019,San Diego Padres,Atlanta Braves,0.249,0.57,0.292,0.307,0.0,0.086,0.158,0.063,0.145,0.463,0.408,0.174,0.097,0.361,0.142,0.173,0.218,nan
14-05-2019,St. Louis Cardinals,Atlanta Braves,0.069,0.548,0.32,0.134,0.389,0.134,0.304,0.221,0.0,0.376,0.383,0.412,0.27,0.305,0.13,0.335,0.158,nan
15-05-2019,St. Louis Cardinals,Atlanta Braves,0.236,0.473,0.395,0.188,0.35,0.31,0.479,0.364,0.298,0.287,0.149,0.408,0.327,0.411,nan,0.072,0.3,0.109
16-05-2019,St. Louis Cardinals,Atlanta Braves,0.364,0.411,0.321,0.188,0.417,0.31,0.464,0.437,0.0,0.242,0.067,0.36,0.365,0.344,nan,0.379,0.0,0.0
17-05-2019,Milwaukee Brewers,Atlanta Braves,0.532,0.56,0.559,0.409,0.525,0.405,nan,0.187,0.0,0.332,0.0,0.539,0.32,0.387,nan,0.378,0.125,0.0
18-05-2019,Milwaukee Brewers,Atlanta Braves,0.335,0.591,0.457,0.605,0.267,0.365,0.176,0.124,0.0,0.548,0.129,0.562,0.399,0.421,nan,0.379,0.419,0.0
19-05-2019,Milwaukee Brewers,Atlanta Braves,0.474,0.5,0.579,0.436,0.47,0.176,0.086,0.363,0.218,0.453,0.219,0.631,0.421,0.626,0.218,0.622,0.549,0.0
28-05-2019,Washington Nationals,Atlanta Braves,0.12,0.304,0.387,0.347,0.65,0.173,0.246,0.377,0.0,0.236,0.488,0.43,0.24,0.307,0.231,0.307,0.376,0.238
29-05-2019,Washington Nationals,Atlanta Braves,0.347,0.291,0.487,0.31,0.78,0.336,0.281,0.352,0.0,0.236,0.238,0.25,0.401,0.281,0.538,0.351,0.394,0.0
31-05-2019,Detroit Tigers,Atlanta Braves,0.201,0.275,0.362,0.072,0.422,0.115,0.334,0.486,nan,0.186,0.176,0.234,0.332,0.142,0.671,0.36,0.3,0.174
01-06-2019,Detroit Tigers,Atlanta Braves,0.689,0.333,0.296,0.377,0.216,0.124,0.437,0.69,nan,0.201,0.134,0.144,0.296,0.174,0.598,0.27,0.152,0.0
02-06-2019,Detroit Tigers,Atlanta Braves,0.747,0.347,0.296,0.444,0.263,0.0,0.234,0.537,nan,0.268,0.283,0.281,0.087,0.453,0.383,0.522,0.109,0.348
10-06-2019,Pittsburgh Pirates,Atlanta Braves,0.486,0.42,0.218,0.115,0.255,0.302,0.323,0.142,0.249,0.394,0.116,0.546,0.175,0.312,0.087,0.425,0.495,0.0
11-06-2019,Pittsburgh Pirates,Atlanta Braves,0.33,0.174,0.566,0.173,0.292,0.205,0.261,0.312,0.115,0.286,0.231,0.418,0.193,0.68,0.138,0.221,0.578,0.145
12-06-2019,Pittsburgh Pirates,Atlanta Braves,0.417,0.218,0.552,0.24,0.58,0.351,0.109,0.289,nan,0.416,0.347,0.314,0.304,0.856,0.114,0.624,0.365,0.099
13-06-2019,Pittsburgh Pirates,Atlanta Braves,0.509,0.191,0.55,0.441,0.309,0.218,0.416,0.29,0.348,0.43,0.532,0.413,0.321,0.583,0.688,0.457,0.0,0.243
14-06-2019,Philadelphia Phillies,Atlanta Braves,0.226,0.315,0.376,0.567,0.336,0.67,0.199,0.111,0.124,0.44,0.441,0.396,0.263,0.413,0.539,0.508,0.56,0.522
15-06-2019,Philadelphia Phillies,Atlanta Braves,0.248,0.35,0.319,0.479,0.307,0.605,0.246,0.067,0.099,0.413,0.402,0.557,0.245,0.256,0.595,0.497,0.453,0.0
16-06-2019,Philadelphia Phillies,Atlanta Braves,0.161,0.302,0.698,0.438,0.234,0.348,0.097,0.218,nan,0.382,0.419,0.421,0.526,0.228,0.403,0.319,0.545,0.0
17-06-2019,New York Mets,Atlanta Braves,0.303,0.5,0.238,0.287,0.232,0.3,0.173,0.29,0.422,0.557,0.337,0.448,0.765,0.223,0.437,0.437,0.388,0.223
18-06-2019,New York Mets,Atlanta Braves,0.159,0.405,0.385,0.309,0.312,0.232,0.141,0.27,0.276,0.659,0.262,0.421,0.751,0.249,0.386,0.674,0.499,0.348
19-06-2019,New York Mets,Atlanta Braves,0.429,0.597,0.466,0.577,0.381,0.232,0.296,0.347,0.613,0.602,0.198,0.511,0.664,0.299,0.537,0.656,0.0,0.636
02-07-2019,Philadelphia Phillies,Atlanta Braves,0.302,0.227,0.473,0.299,0.316,0.135,0.256,0.376,0.115,0.5,0.626,0.421,0.269,0.403,0.528,0.099,0.367,nan
03-07-2019,Philadelphia Phillies,Atlanta Braves,0.312,0.361,0.424,0.349,0.49,0.27,0.323,0.254,0.109,0.523,0.509,0.198,0.375,0.403,0.234,0.144,0.138,nan
04-07-2019,Philadelphia Phillies,Atlanta Braves,0.198,0.449,0.538,0.267,0.552,0.232,0.268,0.5,0.145,0.403,0.361,0.281,0.493,0.174,0.162,0.173,0.402,0.227
05-07-2019,Miami Marlins,Atlanta Braves,0.484,0.0,0.187,0.156,0.414,0.329,0.26,0.437,0.0,0.24,0.539,0.31,0.458,0.478,0.239,0.25,0.246,0.0
06-07-2019,Miami Marlins,Atlanta Braves,0.283,0.253,0.173,0.388,0.399,0.504,0.087,0.276,0.0,0.254,0.494,0.494,0.496,0.304,0.419,0.158,0.173,0.172
07-07-2019,Miami Marlins,Atlanta Braves,0.288,0.187,0.307,0.561,0.509,0.255,0.281,0.27,0.29,0.336,0.526,0.494,0.334,0.478,0.419,0.3,0.596,nan
18-07-2019,Washington Nationals,Atlanta Braves,0.416,0.281,0.47,0.389,0.174,0.173,0.295,0.275,0.0,0.223,0.161,0.334,0.389,0.173,0.227,0.348,0.27,nan
19-07-2019,Washington Nationals,Atlanta Braves,0.395,0.403,0.534,0.417,0.236,0.145,0.294,0.141,0.0,0.174,0.188,0.188,0.464,0.486,0.118,0.097,0.263,0.218
20-07-2019,Washington Nationals,Atlanta Braves,0.335,0.32,0.472,0.246,0.145,0.396,0.138,0.47,0.0,0.347,0.334,0.272,0.548,0.582,0.211,0.449,0.232,0.265
21-07-2019,Washington Nationals,Atlanta Braves,0.324,0.415,0.583,0.3,0.236,0.36,0.212,0.403,nan,0.463,0.281,0.298,0.388,0.509,0.286,0.683,0.0,0.0
23-07-2019,Kansas City Royals,Atlanta Braves,0.258,0.201,0.393,0.537,0.394,0.072,0.087,0.428,nan,0.638,0.231,0.417,0.462,0.405,0.361,0.232,0.438,0.0
24-07-2019,Kansas City Royals,Atlanta Braves,0.174,0.408,0.407,0.594,0.246,0.466,0.072,nan,nan,0.489,0.401,0.429,0.502,0.24,0.553,0.591,0.345,0.174
01-08-2019,Cincinnati Reds,Atlanta Braves,0.411,0.436,0.509,0.0,0.381,nan,0.0,0.436,0.249,0.185,0.347,0.405,0.339,0.35,0.689,0.374,0.39,0.304
02-08-2019,Cincinnati Reds,Atlanta Braves,0.614,0.336,0.318,0.347,0.452,nan,0.29,0.097,nan,0.266,0.497,0.381,0.392,0.824,0.254,0.0,0.284,0.0
03-08-2019,Cincinnati Reds,Atlanta Braves,0.49,0.393,0.479,0.218,0.35,nan,0.249,0.159,nan,0.403,0.246,0.162,0.393,0.275,0.51,0.398,0.27,0.203
04-08-2019,Cincinnati Reds,Atlanta Braves,0.249,0.416,0.427,0.205,0.174,0.172,0.261,0.159,0.39,0.337,0.402,0.304,0.385,0.277,0.413,0.087,0.304,0.124
13-08-2019,New York Mets,Atlanta Braves,0.335,0.273,0.384,0.497,0.466,0.201,0.176,0.0,0.12,0.688,0.597,0.427,0.099,0.174,0.0,0.539,0.218,0.471
14-08-2019,New York Mets,Atlanta Braves,0.062,0.364,0.32,0.466,0.072,0.19,nan,0.547,0.145,0.538,0.31,0.494,0.254,0.103,0.468,0.566,0.12,0.145
15-08-2019,New York Mets,Atlanta Braves,0.29,0.463,0.276,0.049,0.401,0.348,0.174,0.47,nan,0.499,0.187,0.39,0.462,0.12,0.682,0.312,0.348,0.124
16-08-2019,Los Angeles Dodgers,Atlanta Braves,0.077,0.45,0.538,0.467,0.527,0.778,0.764,0.441,0.0,0.451,0.186,0.592,0.725,0.223,0.427,0.0,0.526,0.174
17-08-2019,Los Angeles Dodgers,Atlanta Braves,0.27,0.482,0.464,0.587,0.525,0.26,0.636,0.0,0.145,0.312,0.24,0.405,0.645,0.326,0.0,0.202,0.13,0.0
18-08-2019,Los Angeles Dodgers,Atlanta Braves,0.249,0.486,0.726,0.574,0.29,0.443,0.438,0.172,nan,0.299,0.267,0.405,0.714,0.307,0.351,0.252,0.417,0.348
20-08-2019,Miami Marlins,Atlanta Braves,0.263,0.087,0.361,0.535,0.246,0.565,0.27,0.101,0.218,0.221,0.318,0.0,0.466,0.293,0.414,0.508,0.395,0.145
21-08-2019,Miami Marlins,Atlanta Braves,0.457,0.087,0.508,0.223,0.319,0.115,0.202,0.094,0.435,0.318,0.203,0.396,0.437,0.242,0.0,0.174,0.431,0.0
22-08-2019,Miami Marlins,Atlanta Braves,0.292,0.12,0.441,0.29,0.227,0.608,0.254,0.39,0.0,0.494,0.101,0.396,0.315,0.502,0.56,0.504,0.343,0.124
30-08-2019,Chicago White Sox,Atlanta Braves,0.087,0.336,0.535,0.134,0.275,0.072,0.506,0.368,nan,0.208,0.322,0.498,0.106,0.617,0.134,0.434,0.326,0.304
31-08-2019,Chicago White Sox,Atlanta Braves,0.139,0.31,0.549,0.134,0.348,0.312,0.376,0.246,nan,0.451,0.122,0.475,0.296,0.617,0.538,0.304,0.39,0.0
01-09-2019,Chicago White Sox,Atlanta Braves,0.116,0.298,0.525,0.124,0.19,0.468,0.376,0.29,nan,0.111,0.62,0.514,0.463,0.25,0.299,0.294,0.347,0.0
02-09-2019,Toronto Blue Jays,Atlanta Braves,0.211,0.655,0.13,0.284,0.363,0.0,0.221,0.26,nan,0.069,0.614,0.63,0.46,0.59,0.322,0.796,0.145,0.0
03-09-2019,Toronto Blue Jays,Atlanta Braves,0.254,0.523,0.205,0.329,0.255,0.292,0.269,0.263,nan,0.077,0.432,0.497,0.485,0.425,0.361,0.55,0.202,0.0
05-09-2019,Washington Nationals,Atlanta Braves,0.398,0.333,0.41,0.45,0.348,0.44,0.174,0.0,0.249,0.224,0.245,0.627,0.523,0.086,0.221,0.267,0.142,0.174
06-09-2019,Washington Nationals,Atlanta Braves,0.273,0.145,0.336,0.513,0.472,0.456,0.194,0.0,0.152,0.387,0.361,0.304,0.566,0.203,0.202,0.395,0.565,0.145
07-09-2019,Washington Nationals,Atlanta Braves,0.249,0.0,0.347,0.24,0.448,0.403,0.31,0.255,nan,0.421,0.51,0.434,0.623,0.109,0.195,0.316,0.58,0.0
08-09-2019,Washington Nationals,Atlanta Braves,0.388,0.12,0.26,0.346,0.498,0.145,0.292,0.097,0.0,0.283,0.599,0.363,0.611,0.624,0.115,0.43,0.281,0.0
17-09-2019,Philadelphia Phillies,Atlanta Braves,0.379,0.216,0.225,0.51,0.13,0.203,0.59,0.304,0.0,0.139,0.59,0.289,0.298,0.46,0.468,0.176,0.441,0.249
18-09-2019,Philadelphia Phillies,Atlanta Braves,0.348,0.145,0.367,0.612,0.134,0.13,0.332,0.309,0.0,0.208,0.345,0.389,0.124,0.373,0.347,0.278,0.409,0.0
19-09-2019,Philadelphia Phillies,Atlanta Braves,0.307,0.224,0.437,0.568,0.0,0.281,0.13,0.26,0.304,0.281,0.185,0.389,0.647,0.647,0.348,0.218,0.142,0.099
20-09-2019,San Francisco Giants,Atlanta Braves,0.418,0.363,0.404,0.296,0.368,0.145,0.441,0.249,0.0,0.483,0.251,0.332,0.0,0.201,0.412,0.156,0.142,0.0
21-09-2019,San Francisco Giants,Atlanta Braves,0.26,0.097,0.145,0.3,0.467,0.249,0.201,nan,nan,0.742,0.468,0.053,0.468,0.203,0.671,0.13,nan,0.138
22-09-2019,San Francisco Giants,Atlanta Braves,0.205,0.49,0.201,0.053,0.361,0.29,0.232,0.152,0.0,0.115,0.621,0.188,0.134,0.312,0.486,0.243,0.477,0.145
